dataset,sequence_id,group_id,camera_id,path,num_frames,fps,sequence_label,annotation_path,split
urfd,adl-02,adl-02,cam0,../raw/urfd/videos/adl-02-cam0.mp4,180,30,adl,../raw/urfd/annotations/urfall-cam0-adls.csv,test
urfd,adl-06,adl-06,cam0,../raw/urfd/videos/adl-06-cam0.mp4,230,30,adl,../raw/urfd/annotations/urfall-cam0-adls.csv,test
urfd,adl-07,adl-07,cam0,../raw/urfd/videos/adl-07-cam0.mp4,180,30,adl,../raw/urfd/annotations/urfall-cam0-adls.csv,test
urfd,adl-10,adl-10,cam0,../raw/urfd/videos/adl-10-cam0.mp4,300,30,adl,../raw/urfd/annotations/urfall-cam0-adls.csv,test
urfd,adl-16,adl-16,cam0,../raw/urfd/videos/adl-16-cam0.mp4,240,30,adl,../raw/urfd/annotations/urfall-cam0-adls.csv,test
urfd,adl-23,adl-23,cam0,../raw/urfd/videos/adl-23-cam0.mp4,220,30,adl,../raw/urfd/annotations/urfall-cam0-adls.csv,test
urfd,fall-06,fall-06,cam0,../raw/urfd/videos/fall-06-cam0.mp4,100,30,fall,../raw/urfd/annotations/urfall-cam0-falls.csv,test
urfd,fall-19,fall-19,cam0,../raw/urfd/videos/fall-19-cam0.mp4,100,30,fall,../raw/urfd/annotations/urfall-cam0-falls.csv,test
urfd,fall-20,fall-20,cam0,../raw/urfd/videos/fall-20-cam0.mp4,110,30,fall,../raw/urfd/annotations/urfall-cam0-falls.csv,test
urfd,fall-21,fall-21,cam0,../raw/urfd/videos/fall-21-cam0.mp4,55,30,fall,../raw/urfd/annotations/urfall-cam0-falls.csv,test
urfd,adl-01,adl-01,cam0,../raw/urfd/videos/adl-01-cam0.mp4,150,30,adl,../raw/urfd/annotations/urfall-cam0-adls.csv,train
urfd,adl-03,adl-03,cam0,../raw/urfd/videos/adl-03-cam0.mp4,180,30,adl,../raw/urfd/annotations/urfall-cam0-adls.csv,train
urfd,adl-05,adl-05,cam0,../raw/urfd/videos/adl-05-cam0.mp4,180,30,adl,../raw/urfd/annotations/urfall-cam0-adls.csv,train
urfd,adl-08,adl-08,cam0,../raw/urfd/videos/adl-08-cam0.mp4,180,30,adl,../raw/urfd/annotations/urfall-cam0-adls.csv,train
urfd,adl-09,adl-09,cam0,../raw/urfd/videos/adl-09-cam0.mp4,150,30,adl,../raw/urfd/annotations/urfall-cam0-adls.csv,train
urfd,adl-11,adl-11,cam0,../raw/urfd/videos/adl-11-cam0.mp4,300,30,adl,../raw/urfd/annotations/urfall-cam0-adls.csv,train
urfd,adl-12,adl-12,cam0,../raw/urfd/videos/adl-12-cam0.mp4,250,30,adl,../raw/urfd/annotations/urfall-cam0-adls.csv,train
urfd,adl-13,adl-13,cam0,../raw/urfd/videos/adl-13-cam0.mp4,265,30,adl,../raw/urfd/annotations/urfall-cam0-adls.csv,train
urfd,adl-14,adl-14,cam0,../raw/urfd/videos/adl-14-cam0.mp4,235,30,adl,../raw/urfd/annotations/urfall-cam0-adls.csv,train
urfd,adl-17,adl-17,cam0,../raw/urfd/videos/adl-17-cam0.mp4,230,30,adl,../raw/urfd/annotations/urfall-cam0-adls.csv,train
urfd,adl-18,adl-18,cam0,../raw/urfd/videos/adl-18-cam0.mp4,265,30,adl,../raw/urfd/annotations/urfall-cam0-adls.csv,train
urfd,adl-19,adl-19,cam0,../raw/urfd/videos/adl-19-cam0.mp4,250,30,adl,../raw/urfd/annotations/urfall-cam0-adls.csv,train
urfd,adl-20,adl-20,cam0,../raw/urfd/videos/adl-20-cam0.mp4,270,30,adl,../raw/urfd/annotations/urfall-cam0-adls.csv,train
urfd,adl-21,adl-21,cam0,../raw/urfd/videos/adl-21-cam0.mp4,280,30,adl,../raw/urfd/annotations/urfall-cam0-adls.csv,train
urfd,adl-22,adl-22,cam0,../raw/urfd/videos/adl-22-cam0.mp4,240,30,adl,../raw/urfd/annotations/urfall-cam0-adls.csv,train
urfd,adl-25,adl-25,cam0,../raw/urfd/videos/adl-25-cam0.mp4,110,30,adl,../raw/urfd/annotations/urfall-cam0-adls.csv,train
urfd,adl-27,adl-27,cam0,../raw/urfd/videos/adl-27-cam0.mp4,100,30,adl,../raw/urfd/annotations/urfall-cam0-adls.csv,train
urfd,adl-28,adl-28,cam0,../raw/urfd/videos/adl-28-cam0.mp4,85,30,adl,../raw/urfd/annotations/urfall-cam0-adls.csv,train
urfd,adl-29,adl-29,cam0,../raw/urfd/videos/adl-29-cam0.mp4,125,30,adl,../raw/urfd/annotations/urfall-cam0-adls.csv,train
urfd,adl-30,adl-30,cam0,../raw/urfd/videos/adl-30-cam0.mp4,400,30,adl,../raw/urfd/annotations/urfall-cam0-adls.csv,train
urfd,adl-31,adl-31,cam0,../raw/urfd/videos/adl-31-cam0.mp4,250,30,adl,../raw/urfd/annotations/urfall-cam0-adls.csv,train
urfd,adl-32,adl-32,cam0,../raw/urfd/videos/adl-32-cam0.mp4,200,30,adl,../raw/urfd/annotations/urfall-cam0-adls.csv,train
urfd,adl-33,adl-33,cam0,../raw/urfd/videos/adl-33-cam0.mp4,200,30,adl,../raw/urfd/annotations/urfall-cam0-adls.csv,train
urfd,adl-35,adl-35,cam0,../raw/urfd/videos/adl-35-cam0.mp4,280,30,adl,../raw/urfd/annotations/urfall-cam0-adls.csv,train
urfd,adl-36,adl-36,cam0,../raw/urfd/videos/adl-36-cam0.mp4,340,30,adl,../raw/urfd/annotations/urfall-cam0-adls.csv,train
urfd,adl-38,adl-38,cam0,../raw/urfd/videos/adl-38-cam0.mp4,345,30,adl,../raw/urfd/annotations/urfall-cam0-adls.csv,train
urfd,adl-39,adl-39,cam0,../raw/urfd/videos/adl-39-cam0.mp4,270,30,adl,../raw/urfd/annotations/urfall-cam0-adls.csv,train
urfd,adl-40,adl-40,cam0,../raw/urfd/videos/adl-40-cam0.mp4,330,30,adl,../raw/urfd/annotations/urfall-cam0-adls.csv,train
urfd,fall-01,fall-01,cam0,../raw/urfd/videos/fall-01-cam0.mp4,160,30,fall,../raw/urfd/annotations/urfall-cam0-falls.csv,train
urfd,fall-02,fall-02,cam0,../raw/urfd/videos/fall-02-cam0.mp4,110,30,fall,../raw/urfd/annotations/urfall-cam0-falls.csv,train
urfd,fall-03,fall-03,cam0,../raw/urfd/videos/fall-03-cam0.mp4,215,30,fall,../raw/urfd/annotations/urfall-cam0-falls.csv,train
urfd,fall-05,fall-05,cam0,../raw/urfd/videos/fall-05-cam0.mp4,151,30,fall,../raw/urfd/annotations/urfall-cam0-falls.csv,train
urfd,fall-07,fall-07,cam0,../raw/urfd/videos/fall-07-cam0.mp4,156,30,fall,../raw/urfd/annotations/urfall-cam0-falls.csv,train
urfd,fall-08,fall-08,cam0,../raw/urfd/videos/fall-08-cam0.mp4,91,30,fall,../raw/urfd/annotations/urfall-cam0-falls.csv,train
urfd,fall-09,fall-09,cam0,../raw/urfd/videos/fall-09-cam0.mp4,185,30,fall,../raw/urfd/annotations/urfall-cam0-falls.csv,train
urfd,fall-10,fall-10,cam0,../raw/urfd/videos/fall-10-cam0.mp4,130,30,fall,../raw/urfd/annotations/urfall-cam0-falls.csv,train
urfd,fall-11,fall-11,cam0,../raw/urfd/videos/fall-11-cam0.mp4,130,30,fall,../raw/urfd/annotations/urfall-cam0-falls.csv,train
urfd,fall-12,fall-12,cam0,../raw/urfd/videos/fall-12-cam0.mp4,110,30,fall,../raw/urfd/annotations/urfall-cam0-falls.csv,train
urfd,fall-13,fall-13,cam0,../raw/urfd/videos/fall-13-cam0.mp4,85,30,fall,../raw/urfd/annotations/urfall-cam0-falls.csv,train
urfd,fall-14,fall-14,cam0,../raw/urfd/videos/fall-14-cam0.mp4,61,30,fall,../raw/urfd/annotations/urfall-cam0-falls.csv,train
urfd,fall-15,fall-15,cam0,../raw/urfd/videos/fall-15-cam0.mp4,71,30,fall,../raw/urfd/annotations/urfall-cam0-falls.csv,train
urfd,fall-16,fall-16,cam0,../raw/urfd/videos/fall-16-cam0.mp4,55,30,fall,../raw/urfd/annotations/urfall-cam0-falls.csv,train
urfd,fall-18,fall-18,cam0,../raw/urfd/videos/fall-18-cam0.mp4,65,30,fall,../raw/urfd/annotations/urfall-cam0-falls.csv,train
urfd,fall-22,fall-22,cam0,../raw/urfd/videos/fall-22-cam0.mp4,56,30,fall,../raw/urfd/annotations/urfall-cam0-falls.csv,train
urfd,fall-25,fall-25,cam0,../raw/urfd/videos/fall-25-cam0.mp4,85,30,fall,../raw/urfd/annotations/urfall-cam0-falls.csv,train
urfd,fall-27,fall-27,cam0,../raw/urfd/videos/fall-27-cam0.mp4,92,30,fall,../raw/urfd/annotations/urfall-cam0-falls.csv,train
urfd,fall-28,fall-28,cam0,../raw/urfd/videos/fall-28-cam0.mp4,66,30,fall,../raw/urfd/annotations/urfall-cam0-falls.csv,train
urfd,fall-29,fall-29,cam0,../raw/urfd/videos/fall-29-cam0.mp4,99,30,fall,../raw/urfd/annotations/urfall-cam0-falls.csv,train
urfd,fall-30,fall-30,cam0,../raw/urfd/videos/fall-30-cam0.mp4,70,30,fall,../raw/urfd/annotations/urfall-cam0-falls.csv,train
urfd,adl-04,adl-04,cam0,../raw/urfd/videos/adl-04-cam0.mp4,150,30,adl,../raw/urfd/annotations/urfall-cam0-adls.csv,validation
urfd,adl-15,adl-15,cam0,../raw/urfd/videos/adl-15-cam0.mp4,275,30,adl,../raw/urfd/annotations/urfall-cam0-adls.csv,validation
urfd,adl-24,adl-24,cam0,../raw/urfd/videos/adl-24-cam0.mp4,70,30,adl,../raw/urfd/annotations/urfall-cam0-adls.csv,validation
urfd,adl-26,adl-26,cam0,../raw/urfd/videos/adl-26-cam0.mp4,95,30,adl,../raw/urfd/annotations/urfall-cam0-adls.csv,validation
urfd,adl-34,adl-34,cam0,../raw/urfd/videos/adl-34-cam0.mp4,191,30,adl,../raw/urfd/annotations/urfall-cam0-adls.csv,validation
urfd,adl-37,adl-37,cam0,../raw/urfd/videos/adl-37-cam0.mp4,350,30,adl,../raw/urfd/annotations/urfall-cam0-adls.csv,validation
urfd,fall-04,fall-04,cam0,../raw/urfd/videos/fall-04-cam0.mp4,96,30,fall,../raw/urfd/annotations/urfall-cam0-falls.csv,validation
urfd,fall-17,fall-17,cam0,../raw/urfd/videos/fall-17-cam0.mp4,95,30,fall,../raw/urfd/annotations/urfall-cam0-falls.csv,validation
urfd,fall-23,fall-23,cam0,../raw/urfd/videos/fall-23-cam0.mp4,75,30,fall,../raw/urfd/annotations/urfall-cam0-falls.csv,validation
urfd,fall-24,fall-24,cam0,../raw/urfd/videos/fall-24-cam0.mp4,60,30,fall,../raw/urfd/annotations/urfall-cam0-falls.csv,validation
urfd,fall-26,fall-26,cam0,../raw/urfd/videos/fall-26-cam0.mp4,61,30,fall,../raw/urfd/annotations/urfall-cam0-falls.csv,validation
